{
  "test_parameters": {
    "total_transactions": 20,
    "test_ids": [
      1,
      2,
      3,
      4,
      5,
      6,
      7,
      8,
      9,
      10
    ],
    "test_count": 10
  },
  "performance_results": {
    "linear_search": {
      "times": [
        0.003337860107421875,
        0.0016689300537109375,
        0.0011920928955078125,
        0.0011920928955078125,
        0.0019073486328125,
        0.0019073486328125,
        0.0021457672119140625,
        0.002384185791015625,
        0.0026226043701171875,
        0.00286102294921875
      ],
      "total_time": 0.021219253540039062,
      "success_count": 10,
      "average_time": 0.0021219253540039062,
      "min_time": 0.0011920928955078125,
      "max_time": 0.003337860107421875
    },
    "dictionary_lookup": {
      "times": [
        0.0019073486328125,
        0.001430511474609375,
        0.000476837158203125,
        0.000476837158203125,
        0.0007152557373046875,
        0.0002384185791015625,
        0.000476837158203125,
        0.000476837158203125,
        0.000476837158203125,
        0.000476837158203125
      ],
      "total_time": 0.007152557373046875,
      "success_count": 10,
      "average_time": 0.0007152557373046875,
      "min_time": 0.0002384185791015625,
      "max_time": 0.0019073486328125
    },
    "binary_search": {
      "times": [
        0.008821487426757812,
        0.0040531158447265625,
        0.0040531158447265625,
        0.00476837158203125,
        0.0021457672119140625,
        0.003814697265625,
        0.003337860107421875,
        0.003814697265625,
        0.00476837158203125,
        0.001430511474609375
      ],
      "total_time": 0.04100799560546875,
      "success_count": 10,
      "average_time": 0.004100799560546875,
      "min_time": 0.001430511474609375,
      "max_time": 0.008821487426757812
    },
    "hash_table_search": {
      "times": [
        0.017404556274414062,
        0.0152587890625,
        0.012874603271484375,
        0.015974044799804688,
        0.012636184692382812,
        0.0133514404296875,
        0.0133514404296875,
        0.013113021850585938,
        0.013589859008789062,
        0.013113021850585938
      ],
      "total_time": 0.14066696166992188,
      "success_count": 10,
      "average_time": 0.014066696166992188,
      "min_time": 0.012636184692382812,
      "max_time": 0.017404556274414062
    }
  },
  "analysis": {
    "fastest_algorithm": "dictionary_lookup",
    "speedup_ratios": {
      "linear_search": 1.0,
      "dictionary_lookup": 2.966666666666667,
      "binary_search": 0.5174418604651163,
      "hash_table_search": 0.15084745762711865
    },
    "recommendations": [
      "All algorithms perform similarly for small datasets."
    ]
  },
  "algorithm_complexity": {
    "linear_search": "O(n) - Linear time complexity",
    "dictionary_lookup": "O(1) - Constant time complexity",
    "binary_search": "O(log n) - Logarithmic time complexity",
    "hash_table_search": "O(1) average, O(n) worst case"
  }
}